<?xml version="1.0" encoding="GB2312" ?>
<Partition_Info>
<Part Sel="1" PartitionName="fastboot" FlashType="nand" FileSystem="none" Start="0" Length="1M" SelectFile=""/>
<Part Sel="1" PartitionName="bootargs" FlashType="nand" FileSystem="none" Start="1M" Length="512K" SelectFile=""/>
<Part Sel="1" PartitionName="stbid" FlashType="nand" FileSystem="none" Start="1536K" Length="512K" SelectFile=""/>
<Part Sel="1" PartitionName="otaconfig" FlashType="nand" FileSystem="none" Start="2M" Length="1M" SelectFile=""/>
<Part Sel="1" PartitionName="nvram" FlashType="nand" FileSystem="none" Start="3M" Length="1M" SelectFile=""/>
<Part Sel="1" PartitionName="caskeys" FlashType="nand" FileSystem="none" Start="4M" Length="512K" SelectFile=""/>
<Part Sel="1" PartitionName="hwconfig" FlashType="nand" FileSystem="none" Start="4608K" Length="512K" SelectFile=""/>
<Part Sel="1" PartitionName="backup" FlashType="nand" FileSystem="none" Start="5M" Length="512K" SelectFile=""/>
<Part Sel="1" PartitionName="rcu" FlashType="nand" FileSystem="none" Start="5632K" Length="512K" SelectFile=""/>
<Part Sel="1" PartitionName="bootl" FlashType="nand" FileSystem="none" Start="6M" Length="1M" SelectFile=""/>
<Part Sel="1" PartitionName="adb" FlashType="nand" FileSystem="none" Start="7M" Length="2M" SelectFile=""/>
<Part Sel="1" PartitionName="casbmail" FlashType="nand" FileSystem="none" Start="9M" Length="512K" SelectFile=""/>
<Part Sel="1" PartitionName="cas" FlashType="nand" FileSystem="none" Start="9728K" Length="512K" SelectFile=""/>
<Part Sel="1" PartitionName="applfs" FlashType="nand" FileSystem="none" Start="10M" Length="26M" SelectFile=""/>
<Part Sel="1" PartitionName="baseparam" FlashType="nand" FileSystem="none" Start="36M" Length="1M" SelectFile=""/>
</Partition_Info>
